Trade #,Typ,Datum und Uhrzeit,Signal,Preis USD,Größe (Menge),Größe (Wert),G&V netto USD,G&V netto %,Positive Exkursion USD,Positive Exkursion %,Negative Exkursion USD,Negative Exkursion %,Kumulativer G&V USD,Kumulativer G&V %
1,Short-Ausstieg,2025-03-14 14:33,S178 SL,19547.75,25,9765250,-8625,-0.09,0,0.00,-8625,-0.09,-8625,-8.62
1,Short-Einstieg,2025-03-14 14:33,Short_178,19530.5,25,9765250,-8625,-0.09,0,0.00,-8625,-0.09,-8625,-8.62
2,Short-Ausstieg,2025-03-14 14:33,S178 SL,19547.75,25,9765250,-8625,-0.09,0,0.00,-8625,-0.09,-17250,-17.25
2,Short-Einstieg,2025-03-14 14:33,Short_178,19530.5,25,9765250,-8625,-0.09,0,0.00,-8625,-0.09,-17250,-17.25
3,Short-Ausstieg,2025-03-14 14:36,S254 SL,19574,25,9781375,-5625,-0.06,0,0.00,-5625,-0.06,-22875,-22.87
3,Short-Einstieg,2025-03-14 14:35,Short_254,19562.75,25,9781375,-5625,-0.06,0,0.00,-5625,-0.06,-22875,-22.87
4,Short-Ausstieg,2025-03-14 14:36,S254 SL,19574,25,9781375,-5625,-0.06,0,0.00,-5625,-0.06,-28500,-28.50
4,Short-Einstieg,2025-03-14 14:35,Short_254,19562.75,25,9781375,-5625,-0.06,0,0.00,-5625,-0.06,-28500,-28.50
5,Long-Ausstieg,2025-03-18 14:34,L078 SL,19841.5,18,7146990,-4050,-0.06,12960,0.18,-4050,-0.06,-32550,-32.55
5,Long-Einstieg,2025-03-18 14:31,Long_078,19852.75,18,7146990,-4050,-0.06,12960,0.18,-4050,-0.06,-32550,-32.55
6,Long-Ausstieg,2025-03-18 14:34,L078 SL,19841.5,18,7146990,-4050,-0.06,12960,0.18,-4050,-0.06,-36600,-36.60
6,Long-Einstieg,2025-03-18 14:31,Long_078,19852.75,18,7146990,-4050,-0.06,12960,0.18,-4050,-0.06,-36600,-36.60
7,Long-Ausstieg,2025-03-18 14:35,L140 SL,19805.75,18,7137000,-6930,-0.10,0,0.00,-6930,-0.10,-43530,-43.53
7,Long-Einstieg,2025-03-18 14:35,Long_140,19825,18,7137000,-6930,-0.10,0,0.00,-6930,-0.10,-43530,-43.53
8,Long-Ausstieg,2025-03-18 14:35,L140 SL,19805.75,18,7137000,-6930,-0.10,0,0.00,-6930,-0.10,-50460,-50.46
8,Long-Einstieg,2025-03-18 14:35,Long_140,19825,18,7137000,-6930,-0.10,0,0.00,-6930,-0.10,-50460,-50.46
9,Long-Ausstieg,2025-03-25 15:00,L078 TP1,20424.75,12,4888620,13320,0.27,13320,0.27,-1800,-0.04,-37140,-37.14
9,Long-Einstieg,2025-03-25 14:43,Long_078,20369.25,12,4888620,13320,0.27,13320,0.27,-1800,-0.04,-37140,-37.14
10,Long-Ausstieg,2025-03-25 15:42,L078 TP2,20478.75,12,4888620,26280,0.54,26280,0.54,-1800,-0.04,-10860,-10.86
10,Long-Einstieg,2025-03-25 14:43,Long_078,20369.25,12,4888620,26280,0.54,26280,0.54,-1800,-0.04,-10860,-10.86
11,Long-Ausstieg,2025-03-26 05:01,EOD_CLOSE,20479.25,1,407385,2200,0.54,3350,0.82,-150,-0.04,-8660,-8.66
11,Long-Einstieg,2025-03-25 14:43,Long_078,20369.25,1,407385,2200,0.54,3350,0.82,-150,-0.04,-8660,-8.66
12,Long-Ausstieg,2025-03-28 14:33,L078 SL,19848,23,9135255,-5175,-0.06,11040,0.12,-5175,-0.06,-13835,-13.83
12,Long-Einstieg,2025-03-28 14:31,Long_078,19859.25,23,9135255,-5175,-0.06,11040,0.12,-5175,-0.06,-13835,-13.83
13,Long-Ausstieg,2025-03-28 14:33,L078 SL,19848,23,9135255,-5175,-0.06,11040,0.12,-5175,-0.06,-19010,-19.01
13,Long-Einstieg,2025-03-28 14:31,Long_078,19859.25,23,9135255,-5175,-0.06,11040,0.12,-5175,-0.06,-19010,-19.01
14,Long-Ausstieg,2025-03-28 15:06,L140 SL,19813.75,23,9119500,-5175,-0.06,24840,0.27,-5175,-0.06,-24185,-24.18
14,Long-Einstieg,2025-03-28 15:00,Long_140,19825,23,9119500,-5175,-0.06,24840,0.27,-5175,-0.06,-24185,-24.18
15,Long-Ausstieg,2025-03-28 15:06,L140 SL,19813.75,23,9119500,-5175,-0.06,24840,0.27,-5175,-0.06,-29360,-29.36
15,Long-Einstieg,2025-03-28 15:00,Long_140,19825,23,9119500,-5175,-0.06,24840,0.27,-5175,-0.06,-29360,-29.36
16,Long-Ausstieg,2025-04-01 15:41,L078 TP1,19406.75,17,6578065,20230,0.31,20230,0.31,-3060,-0.05,-9130,-9.13
16,Long-Einstieg,2025-04-01 15:35,Long_078,19347.25,17,6578065,20230,0.31,20230,0.31,-3060,-0.05,-9130,-9.13
17,Long-Ausstieg,2025-04-01 16:07,L078 SL,19345.25,17,6578065,-680,-0.01,39185,0.60,-3060,-0.05,-9810,-9.81
17,Long-Einstieg,2025-04-01 15:35,Long_078,19347.25,17,6578065,-680,-0.01,39185,0.60,-3060,-0.05,-9810,-9.81
18,Long-Ausstieg,2025-04-02 06:01,EOD_CLOSE,19566.25,1,386945,4380,1.13,6995,1.81,-1720,-0.44,-5430,-5.43
18,Long-Einstieg,2025-04-01 15:35,Long_078,19347.25,1,386945,4380,1.13,6995,1.81,-1720,-0.44,-5430,-5.43
19,Short-Ausstieg,2025-04-09 15:39,S178 SL,17375.25,19,6597845,-4750,-0.07,49305,0.75,-4750,-0.07,-10180,-10.18
19,Short-Einstieg,2025-04-09 15:32,Short_178,17362.75,19,6597845,-4750,-0.07,49305,0.75,-4750,-0.07,-10180,-10.18
20,Short-Ausstieg,2025-04-09 15:39,S178 SL,17375.25,19,6597845,-4750,-0.07,49305,0.75,-4750,-0.07,-14930,-14.93
20,Short-Einstieg,2025-04-09 15:32,Short_178,17362.75,19,6597845,-4750,-0.07,49305,0.75,-4750,-0.07,-14930,-14.93
21,Long-Ausstieg,2025-04-11 15:36,L078 TP1,18463.5,21,7708995,45675,0.59,45675,0.59,-1470,-0.02,30745,30.75
21,Long-Einstieg,2025-04-11 15:32,Long_078,18354.75,21,7708995,45675,0.59,45675,0.59,-1470,-0.02,30745,30.75
22,Long-Ausstieg,2025-04-11 15:43,L078 TP2,18563.75,21,7708995,87780,1.14,87780,1.14,-1470,-0.02,118525,118.53
22,Long-Einstieg,2025-04-11 15:32,Long_078,18354.75,21,7708995,87780,1.14,87780,1.14,-1470,-0.02,118525,118.53
23,Long-Ausstieg,2025-04-14 00:01,EOD_CLOSE,19104.5,1,367095,14995,4.08,17905,4.88,-1695,-0.46,133520,133.52
23,Long-Einstieg,2025-04-11 15:32,Long_078,18354.75,1,367095,14995,4.08,17905,4.88,-1695,-0.46,133520,133.52
24,Long-Ausstieg,2025-04-17 15:40,L140 SL,18382.5,58,21338200,-14500,-0.07,44080,0.21,-14500,-0.07,119020,119.02
24,Long-Einstieg,2025-04-17 15:35,Long_140,18395,58,21338200,-14500,-0.07,44080,0.21,-14500,-0.07,119020,119.02
25,Long-Ausstieg,2025-04-17 15:40,L140 SL,18382.5,58,21338200,-14500,-0.07,44080,0.21,-14500,-0.07,104520,104.52
25,Long-Einstieg,2025-04-17 15:35,Long_140,18395,58,21338200,-14500,-0.07,44080,0.21,-14500,-0.07,104520,104.52
26,Long-Ausstieg,2025-04-21 00:01,EOD_CLOSE,18349,1,367900,-920,-0.25,2620,0.71,-3275,-0.89,103600,103.60
26,Long-Einstieg,2025-04-17 15:35,Long_140,18395,1,367900,-920,-0.25,2620,0.71,-3275,-0.89,103600,103.60
27,Long-Ausstieg,2025-05-01 15:31,L140 SL,19921,51,20332935,-13515,-0.07,0,0.00,-13515,-0.07,90085,90.09
27,Long-Einstieg,2025-05-01 15:31,Long_140,19934.25,51,20332935,-13515,-0.07,0,0.00,-13515,-0.07,90085,90.09
28,Long-Ausstieg,2025-05-01 15:31,L140 SL,19921,51,20332935,-13515,-0.07,0,0.00,-13515,-0.07,76570,76.57
28,Long-Einstieg,2025-05-01 15:31,Long_140,19934.25,51,20332935,-13515,-0.07,0,0.00,-13515,-0.07,76570,76.57
29,Long-Ausstieg,2025-05-02 15:36,L078 SL,20041.5,44,17646420,-9900,-0.06,1760,0.01,-9900,-0.06,66670,66.67
29,Long-Einstieg,2025-05-02 15:36,Long_078,20052.75,44,17646420,-9900,-0.06,1760,0.01,-9900,-0.06,66670,66.67
30,Long-Ausstieg,2025-05-02 15:36,L078 SL,20041.5,44,17646420,-9900,-0.06,1760,0.01,-9900,-0.06,56770,56.77
30,Long-Einstieg,2025-05-02 15:36,Long_078,20052.75,44,17646420,-9900,-0.06,1760,0.01,-9900,-0.06,56770,56.77
31,Long-Ausstieg,2025-05-02 15:56,L140 TP1,20098.25,44,17626180,60280,0.34,60280,0.34,-8800,-0.05,117050,117.05
31,Long-Einstieg,2025-05-02 15:52,Long_140,20029.75,44,17626180,60280,0.34,60280,0.34,-8800,-0.05,117050,117.05
32,Long-Ausstieg,2025-05-02 16:16,L140 TP2,20168.75,44,17626180,122320,0.69,122320,0.69,-8800,-0.05,239370,239.37
32,Long-Einstieg,2025-05-02 15:52,Long_140,20029.75,44,17626180,122320,0.69,122320,0.69,-8800,-0.05,239370,239.37
33,Long-Ausstieg,2025-05-08 15:35,L140 SL,20111.25,85,34210375,-21250,-0.06,24650,0.07,-21250,-0.06,218120,218.12
33,Long-Einstieg,2025-05-08 15:32,Long_140,20123.75,85,34210375,-21250,-0.06,24650,0.07,-21250,-0.06,218120,218.12
34,Long-Ausstieg,2025-05-08 15:35,L140 SL,20111.25,85,34210375,-21250,-0.06,24650,0.07,-21250,-0.06,196870,196.87
34,Long-Einstieg,2025-05-08 15:32,Long_140,20123.75,85,34210375,-21250,-0.06,24650,0.07,-21250,-0.06,196870,196.87
35,Short-Ausstieg,2025-05-09 15:44,S178 TP1,20229,74,30000710,61790,0.21,61790,0.21,-13320,-0.04,258660,258.66
35,Short-Einstieg,2025-05-09 15:36,Short_178,20270.75,74,30000710,61790,0.21,61790,0.21,-13320,-0.04,258660,258.66
36,Short-Ausstieg,2025-05-09 16:07,S178 SL,20272.75,74,30000710,-2960,-0.01,97680,0.33,-13320,-0.04,255700,255.70
36,Short-Einstieg,2025-05-09 15:36,Short_178,20270.75,74,30000710,-2960,-0.01,97680,0.33,-13320,-0.04,255700,255.70
37,Short-Ausstieg,2025-05-14 15:34,S178 SL,21380.25,71,30342205,-17750,-0.06,15975,0.05,-17750,-0.06,237950,237.95
37,Short-Einstieg,2025-05-14 15:33,Short_178,21367.75,71,30342205,-17750,-0.06,15975,0.05,-17750,-0.06,237950,237.95
38,Short-Ausstieg,2025-05-14 15:34,S178 SL,21380.25,71,30342205,-17750,-0.06,15975,0.05,-17750,-0.06,220200,220.20
38,Short-Einstieg,2025-05-14 15:33,Short_178,21367.75,71,30342205,-17750,-0.06,15975,0.05,-17750,-0.06,220200,220.20
39,Long-Ausstieg,2025-05-20 18:37,L078 TP1,21453.25,80,34184400,140800,0.41,140800,0.41,-16800,-0.05,361000,361.00
39,Long-Einstieg,2025-05-20 15:47,Long_078,21365.25,80,34184400,140800,0.41,140800,0.41,-16800,-0.05,361000,361.00
40,Long-Ausstieg,2025-05-20 20:28,L078 SL,21363.25,80,34184400,-3200,-0.01,174400,0.51,-16800,-0.05,357800,357.80
40,Long-Einstieg,2025-05-20 15:47,Long_078,21365.25,80,34184400,-3200,-0.01,174400,0.51,-16800,-0.05,357800,357.80
41,Long-Ausstieg,2025-05-27 15:36,L078 SL,21198.25,114,48357660,-25650,-0.05,22800,0.05,-25650,-0.05,332150,332.15
41,Long-Einstieg,2025-05-27 15:35,Long_078,21209.5,114,48357660,-25650,-0.05,22800,0.05,-25650,-0.05,332150,332.15
42,Long-Ausstieg,2025-05-27 15:36,L078 SL,21198.25,114,48357660,-25650,-0.05,22800,0.05,-25650,-0.05,306500,306.50
42,Long-Einstieg,2025-05-27 15:35,Long_078,21209.5,114,48357660,-25650,-0.05,22800,0.05,-25650,-0.05,306500,306.50
43,Long-Ausstieg,2025-05-28 06:01,EOD_CLOSE,21443.25,1,424190,4675,1.10,5580,1.32,-335,-0.08,311175,311.17
43,Long-Einstieg,2025-05-27 15:35,Long_078,21209.5,1,424190,4675,1.10,5580,1.32,-335,-0.08,311175,311.17
44,Short-Ausstieg,2025-05-28 15:39,S178 SL,21542.75,82,35309610,-20500,-0.06,15580,0.04,-20500,-0.06,290675,290.68
44,Short-Einstieg,2025-05-28 15:37,Short_178,21530.25,82,35309610,-20500,-0.06,15580,0.04,-20500,-0.06,290675,290.68
45,Short-Ausstieg,2025-05-28 15:39,S178 SL,21542.75,82,35309610,-20500,-0.06,15580,0.04,-20500,-0.06,270175,270.18
45,Short-Einstieg,2025-05-28 15:37,Short_178,21530.25,82,35309610,-20500,-0.06,15580,0.04,-20500,-0.06,270175,270.18
46,Long-Ausstieg,2025-05-29 15:32,L140 SL,21607.75,92,39781260,-23000,-0.06,0,0.00,-23000,-0.06,247175,247.18
46,Long-Einstieg,2025-05-29 15:31,Long_140,21620.25,92,39781260,-23000,-0.06,0,0.00,-23000,-0.06,247175,247.18
47,Long-Ausstieg,2025-05-29 15:32,L140 SL,21607.75,92,39781260,-23000,-0.06,0,0.00,-23000,-0.06,224175,224.18
47,Long-Einstieg,2025-05-29 15:31,Long_140,21620.25,92,39781260,-23000,-0.06,0,0.00,-23000,-0.06,224175,224.18
48,Long-Ausstieg,2025-05-30 06:01,EOD_CLOSE,21345.25,1,432405,-5500,-1.27,0,0.00,-7035,-1.63,218675,218.68
48,Long-Einstieg,2025-05-29 15:31,Long_140,21620.25,1,432405,-5500,-1.27,0,0.00,-7035,-1.63,218675,218.68
49,Short-Ausstieg,2025-06-03 15:32,S254 TP1,21545.25,79,34107065,65570,0.19,65570,0.19,-14220,-0.04,284245,284.25
49,Short-Einstieg,2025-06-03 15:31,Short_178,21586.75,79,34107065,65570,0.19,65570,0.19,-14220,-0.04,284245,284.25
50,Short-Ausstieg,2025-06-03 15:32,S178 TP1,21537.75,79,34107065,77420,0.23,77420,0.23,-14220,-0.04,361665,361.67
50,Short-Einstieg,2025-06-03 15:31,Short_178,21586.75,79,34107065,77420,0.23,77420,0.23,-14220,-0.04,361665,361.67
51,Short-Ausstieg,2025-06-03 15:47,S178 SL,21588.75,1,431735,-40,-0.01,1540,0.36,-180,-0.04,361625,361.63
51,Short-Einstieg,2025-06-03 15:31,Short_178,21586.75,1,431735,-40,-0.01,1540,0.36,-180,-0.04,361625,361.63
52,Short-Ausstieg,2025-06-03 15:47,S178 SL,21588.75,78,33688200,9750,0.03,132990,0.39,-1170,0.00,371375,371.38
52,Short-Einstieg,2025-06-03 15:31,Short_254,21595,78,33688200,9750,0.03,132990,0.39,-1170,0.00,371375,371.38
53,Short-Ausstieg,2025-06-03 15:48,S254 SL,21597,79,34120100,-3160,-0.01,134695,0.39,-3160,-0.01,368215,368.22
53,Short-Einstieg,2025-06-03 15:31,Short_254,21595,79,34120100,-3160,-0.01,134695,0.39,-3160,-0.01,368215,368.22
54,Short-Ausstieg,2025-06-04 06:01,EOD_CLOSE,21677.25,2,863800,-3290,-0.38,3410,0.39,-6590,-0.76,364925,364.93
54,Short-Einstieg,2025-06-03 15:31,Short_254,21595,2,863800,-3290,-0.38,3410,0.39,-6590,-0.76,364925,364.93
55,Short-Ausstieg,2025-06-06 15:42,S178 SL,21846.25,116,50657200,-26100,-0.05,39440,0.08,-26100,-0.05,338825,338.83
55,Short-Einstieg,2025-06-06 15:40,Short_178,21835,116,50657200,-26100,-0.05,39440,0.08,-26100,-0.05,338825,338.83
56,Short-Ausstieg,2025-06-06 15:42,S178 SL,21846.25,116,50657200,-26100,-0.05,39440,0.08,-26100,-0.05,312725,312.73
56,Short-Einstieg,2025-06-06 15:40,Short_178,21835,116,50657200,-26100,-0.05,39440,0.08,-26100,-0.05,312725,312.73
57,Short-Ausstieg,2025-06-06 16:28,S254 TP1,21796,116,50712880,146160,0.29,146160,0.29,-12180,-0.02,458885,458.89
57,Short-Einstieg,2025-06-06 15:46,Short_254,21859,116,50712880,146160,0.29,146160,0.29,-12180,-0.02,458885,458.89
58,Short-Ausstieg,2025-06-06 17:06,S254 SL,21861,116,50712880,-4640,-0.01,223300,0.44,-12180,-0.02,454245,454.24
58,Short-Einstieg,2025-06-06 15:46,Short_254,21859,116,50712880,-4640,-0.01,223300,0.44,-12180,-0.02,454245,454.24
59,Long-Ausstieg,2025-06-24 15:35,L078 TP1,22306,138,61443810,120750,0.20,120750,0.20,-6210,-0.01,574995,575.00
59,Long-Einstieg,2025-06-24 15:33,Long_078,22262.25,138,61443810,120750,0.20,120750,0.20,-6210,-0.01,574995,575.00
60,Long-Ausstieg,2025-06-24 17:03,L078 TP2,22350,138,61443810,242190,0.39,242190,0.39,-6210,-0.01,817185,817.19
60,Long-Einstieg,2025-06-24 15:33,Long_078,22262.25,138,61443810,242190,0.39,242190,0.39,-6210,-0.01,817185,817.19
61,Long-Ausstieg,2025-06-25 06:01,EOD_CLOSE,22408,1,445245,2915,0.65,3720,0.84,-45,-0.01,820100,820.10
61,Long-Einstieg,2025-06-24 15:33,Long_078,22262.25,1,445245,2915,0.65,3720,0.84,-45,-0.01,820100,820.10
62,Long-Ausstieg,2025-06-27 15:33,L078 TP1,22723,230,104359050,166750,0.16,166750,0.16,-6900,-0.01,986850,986.85
62,Long-Einstieg,2025-06-27 15:32,Long_078,22686.75,230,104359050,166750,0.16,166750,0.16,-6900,-0.01,986850,986.85
63,Long-Ausstieg,2025-06-27 15:56,L078 TP2,22760.5,230,104359050,339250,0.33,339250,0.33,-6900,-0.01,1326100,1326.10
63,Long-Einstieg,2025-06-27 15:32,Long_078,22686.75,230,104359050,339250,0.33,339250,0.33,-6900,-0.01,1326100,1326.10
64,Long-Ausstieg,2025-07-15 15:33,L078 SL,23172.75,356,165070080,-80100,-0.05,62300,0.04,-80100,-0.05,1246000,1246.00
64,Long-Einstieg,2025-07-15 15:32,Long_078,23184,356,165070080,-80100,-0.05,62300,0.04,-80100,-0.05,1246000,1246.00
65,Long-Ausstieg,2025-07-15 15:33,L078 SL,23172.75,356,165070080,-80100,-0.05,62300,0.04,-80100,-0.05,1165900,1165.90
65,Long-Einstieg,2025-07-15 15:32,Long_078,23184,356,165070080,-80100,-0.05,62300,0.04,-80100,-0.05,1165900,1165.90
66,Long-Ausstieg,2025-07-15 15:35,L140 SL,23159.75,1,463680,-485,-0.10,175,0.04,-485,-0.10,1165415,1165.42
66,Long-Einstieg,2025-07-15 15:32,Long_078,23184,1,463680,-485,-0.10,175,0.04,-485,-0.10,1165415,1165.42
67,Long-Ausstieg,2025-07-15 15:35,L140 SL,23159.75,355,164514100,-79875,-0.05,90525,0.06,-79875,-0.05,1085540,1085.54
67,Long-Einstieg,2025-07-15 15:33,Long_140,23171,355,164514100,-79875,-0.05,90525,0.06,-79875,-0.05,1085540,1085.54
68,Long-Ausstieg,2025-07-15 15:35,L140 SL,23159.75,356,164977520,-80100,-0.05,90780,0.06,-80100,-0.05,1005440,1005.44
68,Long-Einstieg,2025-07-15 15:33,Long_140,23171,356,164977520,-80100,-0.05,90780,0.06,-80100,-0.05,1005440,1005.44
69,Long-Ausstieg,2025-07-16 06:01,EOD_CLOSE,23017,2,926840,-6160,-0.66,1100,0.12,-7890,-0.85,999280,999.28
69,Long-Einstieg,2025-07-15 15:33,Long_140,23171,2,926840,-6160,-0.66,1100,0.12,-7890,-0.85,999280,999.28
70,Long-Ausstieg,2025-07-17 15:41,L140 TP1,23109.25,275,126867125,233750,0.18,233750,0.18,-5500,0.00,1233030,1233.03
70,Long-Einstieg,2025-07-17 15:34,Long_140,23066.75,275,126867125,233750,0.18,233750,0.18,-5500,0.00,1233030,1233.03
71,Long-Ausstieg,2025-07-17 15:52,L140 TP2,23151.75,275,126867125,467500,0.37,467500,0.37,-5500,0.00,1700530,1700.53
71,Long-Einstieg,2025-07-17 15:34,Long_140,23066.75,275,126867125,467500,0.37,467500,0.37,-5500,0.00,1700530,1700.53
72,Long-Ausstieg,2025-07-31 15:35,L140 SL,23652.25,450,212982750,-112500,-0.05,204750,0.10,-112500,-0.05,1588030,1588.03
72,Long-Einstieg,2025-07-31 15:31,Long_140,23664.75,450,212982750,-112500,-0.05,204750,0.10,-112500,-0.05,1588030,1588.03
73,Long-Ausstieg,2025-07-31 15:35,L140 SL,23652.25,450,212982750,-112500,-0.05,204750,0.10,-112500,-0.05,1475530,1475.53
73,Long-Einstieg,2025-07-31 15:31,Long_140,23664.75,450,212982750,-112500,-0.05,204750,0.10,-112500,-0.05,1475530,1475.53
74,Long-Ausstieg,2025-08-05 15:38,L078 TP1,23361.5,394,183649310,439310,0.24,439310,0.24,-17730,-0.01,1914840,1914.84
74,Long-Einstieg,2025-08-05 15:31,Long_078,23305.75,394,183649310,439310,0.24,439310,0.24,-17730,-0.01,1914840,1914.84
75,Long-Ausstieg,2025-08-05 16:17,L078 SL,23303.75,394,183649310,-15760,-0.01,721020,0.39,-17730,-0.01,1899080,1899.08
75,Long-Einstieg,2025-08-05 15:31,Long_078,23305.75,394,183649310,-15760,-0.01,721020,0.39,-17730,-0.01,1899080,1899.08
76,Short-Ausstieg,2025-08-26 15:31,S178 SL,23491.75,500,234805000,-112500,-0.05,0,0.00,-112500,-0.05,1786580,1786.58
76,Short-Einstieg,2025-08-26 15:31,Short_178,23480.5,500,234805000,-112500,-0.05,0,0.00,-112500,-0.05,1786580,1786.58
77,Short-Ausstieg,2025-08-26 15:31,S178 SL,23491.75,500,234805000,-112500,-0.05,0,0.00,-112500,-0.05,1674080,1674.08
77,Short-Einstieg,2025-08-26 15:31,Short_178,23480.5,500,234805000,-112500,-0.05,0,0.00,-112500,-0.05,1674080,1674.08
78,Short-Ausstieg,2025-08-26 15:31,S254 SL,23498.75,500,234875000,-112500,-0.05,37500,0.02,-112500,-0.05,1561580,1561.58
78,Short-Einstieg,2025-08-26 15:31,Short_254,23487.5,500,234875000,-112500,-0.05,37500,0.02,-112500,-0.05,1561580,1561.58
79,Short-Ausstieg,2025-08-26 15:31,S254 SL,23498.75,500,234875000,-112500,-0.05,37500,0.02,-112500,-0.05,1449080,1449.08
79,Short-Einstieg,2025-08-26 15:31,Short_254,23487.5,500,234875000,-112500,-0.05,37500,0.02,-112500,-0.05,1449080,1449.08
80,Long-Ausstieg,2025-08-28 15:56,L140 SL,23583,387,182629170,-96750,-0.05,263160,0.14,-96750,-0.05,1352330,1352.33
80,Long-Einstieg,2025-08-28 15:52,Long_140,23595.5,387,182629170,-96750,-0.05,263160,0.14,-96750,-0.05,1352330,1352.33
81,Long-Ausstieg,2025-08-28 15:56,L140 SL,23583,387,182629170,-96750,-0.05,263160,0.14,-96750,-0.05,1255580,1255.58
81,Long-Einstieg,2025-08-28 15:52,Long_140,23595.5,387,182629170,-96750,-0.05,263160,0.14,-96750,-0.05,1255580,1255.58
82,Long-Ausstieg,2025-08-29 06:01,EOD_CLOSE,23728.5,1,471910,2660,0.56,4165,0.88,-460,-0.10,1258240,1258.24
82,Long-Einstieg,2025-08-28 15:52,Long_140,23595.5,1,471910,2660,0.56,4165,0.88,-460,-0.10,1258240,1258.24
83,Long-Ausstieg,2025-08-29 15:37,L078 SL,23622.5,339,160236825,-76275,-0.05,86445,0.05,-76275,-0.05,1181965,1181.96
83,Long-Einstieg,2025-08-29 15:33,Long_078,23633.75,339,160236825,-76275,-0.05,86445,0.05,-76275,-0.05,1181965,1181.96
84,Long-Ausstieg,2025-08-29 15:37,L078 SL,23622.5,339,160236825,-76275,-0.05,86445,0.05,-76275,-0.05,1105690,1105.69
84,Long-Einstieg,2025-08-29 15:33,Long_078,23633.75,339,160236825,-76275,-0.05,86445,0.05,-76275,-0.05,1105690,1105.69
85,Long-Ausstieg,2025-08-29 15:37,L140 SL,23608,1,472675,-515,-0.11,255,0.05,-515,-0.11,1105175,1105.18
85,Long-Einstieg,2025-08-29 15:33,Long_078,23633.75,1,472675,-515,-0.11,255,0.05,-515,-0.11,1105175,1105.18
86,Long-Ausstieg,2025-08-29 15:37,L140 SL,23608,338,159674580,-84500,-0.05,0,0.00,-84500,-0.05,1020675,1020.68
86,Long-Einstieg,2025-08-29 15:37,Long_140,23620.5,338,159674580,-84500,-0.05,0,0.00,-84500,-0.05,1020675,1020.68
87,Long-Ausstieg,2025-08-29 15:37,L140 SL,23608,339,160146990,-84750,-0.05,0,0.00,-84750,-0.05,935925,935.93
87,Long-Einstieg,2025-08-29 15:37,Long_140,23620.5,339,160146990,-84750,-0.05,0,0.00,-84750,-0.05,935925,935.93
88,Long-Ausstieg,2025-09-01 00:01,EOD_CLOSE,23466.75,2,944820,-6150,-0.65,470,0.05,-8920,-0.94,929775,929.78
88,Long-Einstieg,2025-08-29 15:37,Long_140,23620.5,2,944820,-6150,-0.65,470,0.05,-8920,-0.94,929775,929.78
89,Long-Ausstieg,2025-09-02 15:31,L078 SL,23045.5,257,118511695,-57825,-0.05,2570,0.00,-57825,-0.05,871950,871.95
89,Long-Einstieg,2025-09-02 15:31,Long_078,23056.75,257,118511695,-57825,-0.05,2570,0.00,-57825,-0.05,871950,871.95
90,Long-Ausstieg,2025-09-02 15:31,L078 SL,23045.5,257,118511695,-57825,-0.05,2570,0.00,-57825,-0.05,814125,814.13
90,Long-Einstieg,2025-09-02 15:31,Long_078,23056.75,257,118511695,-57825,-0.05,2570,0.00,-57825,-0.05,814125,814.13
91,Long-Ausstieg,2025-09-02 15:35,L140 TP1,23109.5,1,461135,1055,0.23,1055,0.23,-630,-0.14,815180,815.18
91,Long-Einstieg,2025-09-02 15:31,Long_078,23056.75,1,461135,1055,0.23,1055,0.23,-630,-0.14,815180,815.18
92,Long-Ausstieg,2025-09-02 15:35,L140 TP1,23109.5,256,117932800,387840,0.33,387840,0.33,-43520,-0.04,1203020,1203.02
92,Long-Einstieg,2025-09-02 15:31,Long_140,23033.75,256,117932800,387840,0.33,387840,0.33,-43520,-0.04,1203020,1203.02
93,Long-Ausstieg,2025-09-02 15:48,L140 TP2,23187.75,257,118393475,791560,0.67,791560,0.67,-43690,-0.04,1994580,1994.58
93,Long-Einstieg,2025-09-02 15:31,Long_140,23033.75,257,118393475,791560,0.67,791560,0.67,-43690,-0.04,1994580,1994.58
94,Long-Ausstieg,2025-09-03 06:01,EOD_CLOSE,23326.25,2,921350,11700,1.27,14160,1.54,-340,-0.04,2006280,2006.28
94,Long-Einstieg,2025-09-02 15:31,Long_140,23033.75,2,921350,11700,1.27,14160,1.54,-340,-0.04,2006280,2006.28
95,Long-Ausstieg,2025-09-12 15:32,L078 TP1,24046.5,526,252779820,189360,0.07,189360,0.07,-23670,-0.01,2195640,2195.64
95,Long-Einstieg,2025-09-12 15:31,Long_078,24028.5,526,252779820,189360,0.07,189360,0.07,-23670,-0.01,2195640,2195.64
96,Long-Ausstieg,2025-09-12 15:35,L078 SL,24026.5,526,252779820,-21040,-0.01,197250,0.08,-23670,-0.01,2174600,2174.60
96,Long-Einstieg,2025-09-12 15:31,Long_078,24028.5,526,252779820,-21040,-0.01,197250,0.08,-23670,-0.01,2174600,2174.60
97,Long-Ausstieg,2025-09-15 00:01,EOD_CLOSE,24114,1,480570,1710,0.36,2610,0.54,-540,-0.11,2176310,2176.31
97,Long-Einstieg,2025-09-12 15:31,Long_078,24028.5,1,480570,1710,0.36,2610,0.54,-540,-0.11,2176310,2176.31
98,Long-Ausstieg,2025-09-18 15:41,L140 SL,24633,569,280465790,-142250,-0.05,96730,0.03,-142250,-0.05,2034060,2034.06
98,Long-Einstieg,2025-09-18 15:40,Long_140,24645.5,569,280465790,-142250,-0.05,96730,0.03,-142250,-0.05,2034060,2034.06
99,Long-Ausstieg,2025-09-18 15:41,L140 SL,24633,569,280465790,-142250,-0.05,96730,0.03,-142250,-0.05,1891810,1891.81
99,Long-Einstieg,2025-09-18 15:40,Long_140,24645.5,569,280465790,-142250,-0.05,96730,0.03,-142250,-0.05,1891810,1891.81
100,Long-Ausstieg,2025-09-23 15:32,L078 TP1,25003.75,498,248880480,156870,0.06,156870,0.06,-19920,-0.01,2048680,2048.68
100,Long-Einstieg,2025-09-23 15:31,Long_078,24988,498,248880480,156870,0.06,156870,0.06,-19920,-0.01,2048680,2048.68
101,Long-Ausstieg,2025-09-23 15:35,L078 SL,24986,498,248880480,-19920,-0.01,216630,0.09,-19920,-0.01,2028760,2028.76
101,Long-Einstieg,2025-09-23 15:31,Long_078,24988,498,248880480,-19920,-0.01,216630,0.09,-19920,-0.01,2028760,2028.76
102,Long-Ausstieg,2025-09-26 15:32,L140 TP1,24669.25,532,261818480,662340,0.25,662340,0.25,-106400,-0.04,2691100,2691.10
102,Long-Einstieg,2025-09-26 15:31,Long_140,24607,532,261818480,662340,0.25,662340,0.25,-106400,-0.04,2691100,2691.10
103,Long-Ausstieg,2025-09-26 15:32,L078 TP1,24681,532,261818480,787360,0.30,787360,0.30,-106400,-0.04,3478460,3478.46
103,Long-Einstieg,2025-09-26 15:31,Long_140,24607,532,261818480,787360,0.30,787360,0.30,-106400,-0.04,3478460,3478.46
104,Long-Ausstieg,2025-09-26 16:01,L078 TP2,24733,532,261818480,1340640,0.51,1340640,0.51,-106400,-0.04,4819100,4819.10
104,Long-Einstieg,2025-09-26 15:31,Long_078,24607,532,261818480,1340640,0.51,1340640,0.51,-106400,-0.04,4819100,4819.10
105,Long-Ausstieg,2025-09-26 16:01,L140 TP2,24733,532,261818480,1340640,0.51,1340640,0.51,-106400,-0.04,6159740,6159.74
105,Long-Einstieg,2025-09-26 15:31,Long_078,24607,532,261818480,1340640,0.51,1340640,0.51,-106400,-0.04,6159740,6159.74
106,Short-Ausstieg,2025-10-01 15:33,S178 SL,24826.25,1252,621336300,-313000,-0.05,118940,0.02,-313000,-0.05,5846740,5846.74
106,Short-Einstieg,2025-10-01 15:32,Short_178,24813.75,1252,621336300,-313000,-0.05,118940,0.02,-313000,-0.05,5846740,5846.74
107,Short-Ausstieg,2025-10-01 15:33,S178 SL,24826.25,1252,621336300,-313000,-0.05,118940,0.02,-313000,-0.05,5533740,5533.74
107,Short-Einstieg,2025-10-01 15:32,Short_178,24813.75,1252,621336300,-313000,-0.05,118940,0.02,-313000,-0.05,5533740,5533.74
108,Long-Ausstieg,2025-10-02 15:34,L140 SL,25127.5,1408,707942400,-352000,-0.05,408320,0.06,-352000,-0.05,5181740,5181.74
108,Long-Einstieg,2025-10-02 15:31,Long_140,25140,1408,707942400,-352000,-0.05,408320,0.06,-352000,-0.05,5181740,5181.74
109,Long-Ausstieg,2025-10-02 15:34,L140 SL,25127.5,1408,707942400,-352000,-0.05,408320,0.06,-352000,-0.05,4829740,4829.74
109,Long-Einstieg,2025-10-02 15:31,Long_140,25140,1408,707942400,-352000,-0.05,408320,0.06,-352000,-0.05,4829740,4829.74
110,Long-Ausstieg,2025-10-03 06:01,EOD_CLOSE,25169,1,502800,580,0.12,705,0.14,-2925,-0.58,4830320,4830.32
110,Long-Einstieg,2025-10-02 15:31,Long_140,25140,1,502800,580,0.12,705,0.14,-2925,-0.58,4830320,4830.32
111,Short-Ausstieg,2025-10-08 15:32,S178 SL,25126.5,986,495248080,-246500,-0.05,142970,0.03,-246500,-0.05,4583820,4583.82
111,Short-Einstieg,2025-10-08 15:31,Short_178,25114,986,495248080,-246500,-0.05,142970,0.03,-246500,-0.05,4583820,4583.82
112,Short-Ausstieg,2025-10-08 15:32,S178 SL,25126.5,986,495248080,-246500,-0.05,142970,0.03,-246500,-0.05,4337320,4337.32
112,Short-Einstieg,2025-10-08 15:31,Short_178,25114,986,495248080,-246500,-0.05,142970,0.03,-246500,-0.05,4337320,4337.32
113,Short-Ausstieg,2025-10-17 15:37,S178 SL,24818.5,1109,550180445,-293885,-0.05,0,0.00,-293885,-0.05,4043435,4043.44
113,Short-Einstieg,2025-10-17 15:37,Short_178,24805.25,1109,550180445,-293885,-0.05,0,0.00,-293885,-0.05,4043435,4043.44
114,Short-Ausstieg,2025-10-17 15:37,S178 SL,24818.5,1109,550180445,-293885,-0.05,0,0.00,-293885,-0.05,3749550,3749.55
114,Short-Einstieg,2025-10-17 15:37,Short_178,24805.25,1109,550180445,-293885,-0.05,0,0.00,-293885,-0.05,3749550,3749.55
115,Short-Ausstieg,2025-10-17 15:54,S254 SL,24854.25,1,496105,-980,-0.20,2655,0.54,-980,-0.20,3748570,3748.57
115,Short-Einstieg,2025-10-17 15:37,Short_178,24805.25,1,496105,-980,-0.20,2655,0.54,-980,-0.20,3748570,3748.57
116,Short-Ausstieg,2025-10-17 15:54,S254 SL,24854.25,1108,550520880,-249300,-0.05,199440,0.04,-249300,-0.05,3499270,3499.27
116,Short-Einstieg,2025-10-17 15:53,Short_254,24843,1108,550520880,-249300,-0.05,199440,0.04,-249300,-0.05,3499270,3499.27
117,Short-Ausstieg,2025-10-17 15:54,S254 SL,24854.25,1109,551017740,-249525,-0.05,199620,0.04,-249525,-0.05,3249745,3249.75
117,Short-Einstieg,2025-10-17 15:53,Short_254,24843,1109,551017740,-249525,-0.05,199620,0.04,-249525,-0.05,3249745,3249.75
118,Short-Ausstieg,2025-10-20 00:01,EOD_CLOSE,25079,2,993720,-9440,-0.95,6720,0.68,-10250,-1.03,3240305,3240.31
118,Short-Einstieg,2025-10-17 15:53,Short_254,24843,2,993720,-9440,-0.95,6720,0.68,-10250,-1.03,3240305,3240.31
119,Short-Ausstieg,2025-10-22 15:55,S178 TP1,25266.5,668,337847680,287240,0.09,287240,0.09,-16700,0.00,3527545,3527.55
119,Short-Einstieg,2025-10-22 15:54,Short_178,25288,668,337847680,287240,0.09,287240,0.09,-16700,0.00,3527545,3527.55
120,Short-Ausstieg,2025-10-22 16:05,S178 TP2,25244,668,337847680,587840,0.17,587840,0.17,-16700,0.00,4115385,4115.39
120,Short-Einstieg,2025-10-22 15:54,Short_178,25288,668,337847680,587840,0.17,587840,0.17,-16700,0.00,4115385,4115.39
121,Short-Ausstieg,2025-10-29 14:37,S178 TP1,26263,843,443173530,379350,0.09,379350,0.09,-122235,-0.03,4494735,4494.73
121,Short-Einstieg,2025-10-29 14:31,Short_178,26285.5,843,443173530,379350,0.09,379350,0.09,-122235,-0.03,4494735,4494.73
122,Short-Ausstieg,2025-10-29 14:47,S178 SL,26287.5,843,443173530,-33720,-0.01,518445,0.12,-122235,-0.03,4461015,4461.01
122,Short-Einstieg,2025-10-29 14:31,Short_178,26285.5,843,443173530,-33720,-0.01,518445,0.12,-122235,-0.03,4461015,4461.01
123,Short-Ausstieg,2025-11-05 15:50,S178 SL,25625.5,912,467181120,-228000,-0.05,228000,0.05,-228000,-0.05,4233015,4233.02
123,Short-Einstieg,2025-11-05 15:48,Short_178,25613,912,467181120,-228000,-0.05,228000,0.05,-228000,-0.05,4233015,4233.02
124,Short-Ausstieg,2025-11-05 15:50,S178 SL,25625.5,912,467181120,-228000,-0.05,228000,0.05,-228000,-0.05,4005015,4005.02
124,Short-Einstieg,2025-11-05 15:48,Short_178,25613,912,467181120,-228000,-0.05,228000,0.05,-228000,-0.05,4005015,4005.02
125,Long-Ausstieg,2025-11-06 15:51,L140 SL,25581.25,1026,525183750,-256500,-0.05,1631340,0.31,-256500,-0.05,3748515,3748.52
125,Long-Einstieg,2025-11-06 15:41,Long_140,25593.75,1026,525183750,-256500,-0.05,1631340,0.31,-256500,-0.05,3748515,3748.52
126,Long-Ausstieg,2025-11-06 15:51,L140 SL,25581.25,1026,525183750,-256500,-0.05,1631340,0.31,-256500,-0.05,3492015,3492.02
126,Long-Einstieg,2025-11-06 15:41,Long_140,25593.75,1026,525183750,-256500,-0.05,1631340,0.31,-256500,-0.05,3492015,3492.02
127,Long-Ausstieg,2025-11-07 06:01,EOD_CLOSE,25253,1,511875,-6815,-1.33,1590,0.31,-8635,-1.69,3485200,3485.20
127,Long-Einstieg,2025-11-06 15:41,Long_140,25593.75,1,511875,-6815,-1.33,1590,0.31,-8635,-1.69,3485200,3485.20
128,Long-Ausstieg,2025-11-11 15:50,L078 SL,25560.75,896,458250240,-201600,-0.04,22400,0.00,-201600,-0.04,3283600,3283.60
128,Long-Einstieg,2025-11-11 15:50,Long_078,25572,896,458250240,-201600,-0.04,22400,0.00,-201600,-0.04,3283600,3283.60
129,Long-Ausstieg,2025-11-11 15:50,L078 SL,25560.75,896,458250240,-201600,-0.04,22400,0.00,-201600,-0.04,3082000,3082.00
129,Long-Einstieg,2025-11-11 15:50,Long_078,25572,896,458250240,-201600,-0.04,22400,0.00,-201600,-0.04,3082000,3082.00
130,Long-Ausstieg,2025-11-12 06:01,EOD_CLOSE,25719.25,1,511440,2945,0.58,3790,0.74,-1870,-0.37,3084945,3084.95
130,Long-Einstieg,2025-11-11 15:50,Long_078,25572,1,511440,2945,0.58,3790,0.74,-1870,-0.37,3084945,3084.95
131,Long-Ausstieg,2025-11-13 15:36,L140 SL,25375.5,796,404176960,-199000,-0.05,67660,0.02,-199000,-0.05,2885945,2885.95
131,Long-Einstieg,2025-11-13 15:36,Long_140,25388,796,404176960,-199000,-0.05,67660,0.02,-199000,-0.05,2885945,2885.95
132,Long-Ausstieg,2025-11-13 15:36,L140 SL,25375.5,796,404176960,-199000,-0.05,67660,0.02,-199000,-0.05,2686945,2686.95
132,Long-Einstieg,2025-11-13 15:36,Long_140,25388,796,404176960,-199000,-0.05,67660,0.02,-199000,-0.05,2686945,2686.95
133,Long-Ausstieg,2025-11-14 15:32,L078 SL,24669,696,343549080,-156600,-0.05,38280,0.01,-156600,-0.05,2530345,2530.35
133,Long-Einstieg,2025-11-14 15:32,Long_078,24680.25,696,343549080,-156600,-0.05,38280,0.01,-156600,-0.05,2530345,2530.35
134,Long-Ausstieg,2025-11-14 15:32,L078 SL,24669,696,343549080,-156600,-0.05,38280,0.01,-156600,-0.05,2373745,2373.75
134,Long-Einstieg,2025-11-14 15:32,Long_078,24680.25,696,343549080,-156600,-0.05,38280,0.01,-156600,-0.05,2373745,2373.75
135,Long-Ausstieg,2025-11-14 15:33,L140 SL,24639.25,1,493605,-820,-0.17,55,0.01,-820,-0.17,2372925,2372.93
135,Long-Einstieg,2025-11-14 15:32,Long_078,24680.25,1,493605,-820,-0.17,55,0.01,-820,-0.17,2372925,2372.93
136,Long-Ausstieg,2025-11-14 15:33,L140 SL,24639.25,695,342641950,-156375,-0.05,295375,0.09,-156375,-0.05,2216550,2216.55
136,Long-Einstieg,2025-11-14 15:32,Long_140,24650.5,695,342641950,-156375,-0.05,295375,0.09,-156375,-0.05,2216550,2216.55
137,Long-Ausstieg,2025-11-14 15:33,L140 SL,24639.25,696,343134960,-156600,-0.05,295800,0.09,-156600,-0.05,2059950,2059.95
137,Long-Einstieg,2025-11-14 15:32,Long_140,24650.5,696,343134960,-156600,-0.05,295800,0.09,-156600,-0.05,2059950,2059.95
138,Long-Ausstieg,2025-11-17 00:01,EOD_CLOSE,25085.5,2,986020,17400,1.76,25710,2.61,-980,-0.10,2077350,2077.35
138,Long-Einstieg,2025-11-14 15:32,Long_140,24650.5,2,986020,17400,1.76,25710,2.61,-980,-0.10,2077350,2077.35
139,Short-Ausstieg,2025-11-18 15:32,S178 SL,24795,544,269647200,-122400,-0.05,62560,0.02,-122400,-0.05,1954950,1954.95
139,Short-Einstieg,2025-11-18 15:32,Short_178,24783.75,544,269647200,-122400,-0.05,62560,0.02,-122400,-0.05,1954950,1954.95
140,Short-Ausstieg,2025-11-18 15:32,S178 SL,24795,544,269647200,-122400,-0.05,62560,0.02,-122400,-0.05,1832550,1832.55
140,Short-Einstieg,2025-11-18 15:32,Short_178,24783.75,544,269647200,-122400,-0.05,62560,0.02,-122400,-0.05,1832550,1832.55
141,Short-Ausstieg,2025-11-18 15:35,S254 TP1,24720,1,495675,1275,0.26,1275,0.26,-965,-0.19,1833825,1833.82
141,Short-Einstieg,2025-11-18 15:32,Short_178,24783.75,1,495675,1275,0.26,1275,0.26,-965,-0.19,1833825,1833.82
142,Short-Ausstieg,2025-11-18 15:35,S254 TP1,24720,543,269575065,1115865,0.41,1115865,0.41,-100455,-0.04,2949690,2949.69
142,Short-Einstieg,2025-11-18 15:33,Short_254,24822.75,543,269575065,1115865,0.41,1115865,0.41,-100455,-0.04,2949690,2949.69
143,Short-Ausstieg,2025-11-18 15:47,S254 TP2,24627.75,544,270071520,2121600,0.79,2121600,0.79,-100640,-0.04,5071290,5071.29
143,Short-Einstieg,2025-11-18 15:33,Short_254,24822.75,544,270071520,2121600,0.79,2121600,0.79,-100640,-0.04,5071290,5071.29
144,Short-Ausstieg,2025-11-19 06:01,EOD_CLOSE,24530.75,2,992910,11680,1.18,17860,1.80,-370,-0.04,5082970,5082.97
144,Short-Einstieg,2025-11-18 15:33,Short_254,24822.75,2,992910,11680,1.18,17860,1.80,-370,-0.04,5082970,5082.97
145,Long-Ausstieg,2025-11-20 15:35,L140 TP1,25221.25,1295,651508025,1722350,0.26,1722350,0.26,-90650,-0.01,6805320,6805.32
145,Long-Einstieg,2025-11-20 15:33,Long_140,25154.75,1295,651508025,1722350,0.26,1722350,0.26,-90650,-0.01,6805320,6805.32
146,Long-Ausstieg,2025-11-20 15:41,L140 SL,25152.75,1295,651508025,-51800,-0.01,1948975,0.30,-90650,-0.01,6753520,6753.52
146,Long-Einstieg,2025-11-20 15:33,Long_140,25154.75,1295,651508025,-51800,-0.01,1948975,0.30,-90650,-0.01,6753520,6753.52
147,Long-Ausstieg,2025-11-21 06:01,EOD_CLOSE,24181,1,503095,-19475,-3.87,3105,0.62,-22735,-4.52,6734045,6734.05
147,Long-Einstieg,2025-11-20 15:33,Long_140,25154.75,1,503095,-19475,-3.87,3105,0.62,-22735,-4.52,6734045,6734.05
148,Long-Ausstieg,2025-11-25 15:40,L078 SL,24812.75,1708,847987840,-384300,-0.05,0,0.00,-384300,-0.05,6349745,6349.75
148,Long-Einstieg,2025-11-25 15:40,Long_078,24824,1708,847987840,-384300,-0.05,0,0.00,-384300,-0.05,6349745,6349.75
149,Long-Ausstieg,2025-11-25 15:40,L078 SL,24812.75,1708,847987840,-384300,-0.05,0,0.00,-384300,-0.05,5965445,5965.45
149,Long-Einstieg,2025-11-25 15:40,Long_078,24824,1708,847987840,-384300,-0.05,0,0.00,-384300,-0.05,5965445,5965.45
150,Long-Ausstieg,2025-11-25 15:40,L140 SL,24797,1,496480,-540,-0.11,0,0.00,-540,-0.11,5964905,5964.91
150,Long-Einstieg,2025-11-25 15:40,Long_078,24824,1,496480,-540,-0.11,0,0.00,-540,-0.11,5964905,5964.91
151,Long-Ausstieg,2025-11-25 15:40,L140 SL,24797,1707,846953655,-384075,-0.05,196305,0.02,-384075,-0.05,5580830,5580.83
151,Long-Einstieg,2025-11-25 15:40,Long_140,24808.25,1707,846953655,-384075,-0.05,196305,0.02,-384075,-0.05,5580830,5580.83
152,Long-Ausstieg,2025-11-25 15:40,L140 SL,24797,1708,847449820,-384300,-0.05,196420,0.02,-384300,-0.05,5196530,5196.53
152,Long-Einstieg,2025-11-25 15:40,Long_140,24808.25,1708,847449820,-384300,-0.05,196420,0.02,-384300,-0.05,5196530,5196.53
153,Long-Ausstieg,2025-11-26 06:01,EOD_CLOSE,25170.25,2,992330,14480,1.46,15530,1.57,-8250,-0.83,5211010,5211.01
153,Long-Einstieg,2025-11-25 15:40,Long_140,24808.25,2,992330,14480,1.46,15530,1.57,-8250,-0.83,5211010,5211.01
154,Short-Ausstieg,2025-12-02 15:36,S178 SL,25549,1328,678282640,-298800,-0.04,152720,0.02,-298800,-0.04,4912210,4912.21
154,Short-Einstieg,2025-12-02 15:35,Short_178,25537.75,1328,678282640,-298800,-0.04,152720,0.02,-298800,-0.04,4912210,4912.21
155,Short-Ausstieg,2025-12-02 15:36,S178 SL,25549,1328,678282640,-298800,-0.04,152720,0.02,-298800,-0.04,4613410,4613.41
155,Short-Einstieg,2025-12-02 15:35,Short_178,25537.75,1328,678282640,-298800,-0.04,152720,0.02,-298800,-0.04,4613410,4613.41
156,Short-Ausstieg,2025-12-02 15:36,S254 SL,25575.75,1328,678913440,-378480,-0.06,0,0.00,-378480,-0.06,4234930,4234.93
156,Short-Einstieg,2025-12-02 15:36,Short_254,25561.5,1328,678913440,-378480,-0.06,0,0.00,-378480,-0.06,4234930,4234.93
157,Short-Ausstieg,2025-12-02 15:36,S254 SL,25575.75,1328,678913440,-378480,-0.06,0,0.00,-378480,-0.06,3856450,3856.45
157,Short-Einstieg,2025-12-02 15:36,Short_254,25561.5,1328,678913440,-378480,-0.06,0,0.00,-378480,-0.06,3856450,3856.45
158,Long-Ausstieg,2025-12-11 15:31,L140 SL,25578,989,506180090,-247250,-0.05,301645,0.06,-247250,-0.05,3609200,3609.20
158,Long-Einstieg,2025-12-11 15:31,Long_140,25590.5,989,506180090,-247250,-0.05,301645,0.06,-247250,-0.05,3609200,3609.20
159,Long-Ausstieg,2025-12-11 15:31,L140 SL,25578,989,506180090,-247250,-0.05,301645,0.06,-247250,-0.05,3361950,3361.95
159,Long-Einstieg,2025-12-11 15:31,Long_140,25590.5,989,506180090,-247250,-0.05,301645,0.06,-247250,-0.05,3361950,3361.95
160,Long-Ausstieg,2025-12-12 15:48,L078 SL,25504.5,865,441422475,-194625,-0.04,194625,0.04,-194625,-0.04,3167325,3167.33
160,Long-Einstieg,2025-12-12 15:48,Long_078,25515.75,865,441422475,-194625,-0.04,194625,0.04,-194625,-0.04,3167325,3167.33
161,Long-Ausstieg,2025-12-12 15:48,L078 SL,25504.5,865,441422475,-194625,-0.04,194625,0.04,-194625,-0.04,2972700,2972.70
161,Long-Einstieg,2025-12-12 15:48,Long_078,25515.75,865,441422475,-194625,-0.04,194625,0.04,-194625,-0.04,2972700,2972.70
162,Long-Ausstieg,2025-12-15 00:01,EOD_CLOSE,25242,1,510315,-5475,-1.07,1085,0.21,-7955,-1.56,2967225,2967.23
162,Long-Einstieg,2025-12-12 15:48,Long_078,25515.75,1,510315,-5475,-1.07,1085,0.21,-7955,-1.56,2967225,2967.23
163,Short-Ausstieg,2025-12-16 15:37,S178 SL,25341.25,767,388562200,-172575,-0.04,30680,0.01,-172575,-0.04,2794650,2794.65
163,Short-Einstieg,2025-12-16 15:36,Short_178,25330,767,388562200,-172575,-0.04,30680,0.01,-172575,-0.04,2794650,2794.65
164,Short-Ausstieg,2025-12-16 15:37,S178 SL,25341.25,767,388562200,-172575,-0.04,30680,0.01,-172575,-0.04,2622075,2622.08
164,Short-Einstieg,2025-12-16 15:36,Short_178,25330,767,388562200,-172575,-0.04,30680,0.01,-172575,-0.04,2622075,2622.08
165,Short-Ausstieg,2025-12-16 15:51,S254 SL,25386.75,767,389260170,-172575,-0.04,115050,0.03,-172575,-0.04,2449500,2449.50
165,Short-Einstieg,2025-12-16 15:51,Short_254,25375.5,767,389260170,-172575,-0.04,115050,0.03,-172575,-0.04,2449500,2449.50
166,Short-Ausstieg,2025-12-16 15:51,S254 SL,25386.75,767,389260170,-172575,-0.04,115050,0.03,-172575,-0.04,2276925,2276.93
166,Short-Einstieg,2025-12-16 15:51,Short_254,25375.5,767,389260170,-172575,-0.04,115050,0.03,-172575,-0.04,2276925,2276.93
167,Short-Ausstieg,2025-12-19 15:32,S178 SL,25437.25,594,302060880,-133650,-0.04,160380,0.05,-133650,-0.04,2143275,2143.27
167,Short-Einstieg,2025-12-19 15:31,Short_178,25426,594,302060880,-133650,-0.04,160380,0.05,-133650,-0.04,2143275,2143.27
168,Short-Ausstieg,2025-12-19 15:32,S178 SL,25437.25,594,302060880,-133650,-0.04,160380,0.05,-133650,-0.04,2009625,2009.63
168,Short-Einstieg,2025-12-19 15:31,Short_178,25426,594,302060880,-133650,-0.04,160380,0.05,-133650,-0.04,2009625,2009.63
169,Short-Ausstieg,2025-12-19 15:43,S254 SL,25480.75,594,302577660,-133650,-0.04,121770,0.04,-133650,-0.04,1875975,1875.98
169,Short-Einstieg,2025-12-19 15:42,Short_254,25469.5,594,302577660,-133650,-0.04,121770,0.04,-133650,-0.04,1875975,1875.98
170,Short-Ausstieg,2025-12-19 15:43,S254 SL,25480.75,594,302577660,-133650,-0.04,121770,0.04,-133650,-0.04,1742325,1742.33
170,Short-Einstieg,2025-12-19 15:42,Short_254,25469.5,594,302577660,-133650,-0.04,121770,0.04,-133650,-0.04,1742325,1742.33
171,Long-Ausstieg,2025-12-26 15:31,L078 SL,25865.25,460,238063800,-103500,-0.04,43700,0.02,-103500,-0.04,1638825,1638.82
171,Long-Einstieg,2025-12-26 15:31,Long_078,25876.5,460,238063800,-103500,-0.04,43700,0.02,-103500,-0.04,1638825,1638.82
172,Long-Ausstieg,2025-12-26 15:31,L078 SL,25865.25,460,238063800,-103500,-0.04,43700,0.02,-103500,-0.04,1535325,1535.32
172,Long-Einstieg,2025-12-26 15:31,Long_078,25876.5,460,238063800,-103500,-0.04,43700,0.02,-103500,-0.04,1535325,1535.32
173,Long-Ausstieg,2025-12-26 15:33,L140 TP1,25901.25,1,517530,495,0.10,495,0.10,-240,-0.05,1535820,1535.82
173,Long-Einstieg,2025-12-26 15:31,Long_078,25876.5,1,517530,495,0.10,495,0.10,-240,-0.05,1535820,1535.82
174,Long-Ausstieg,2025-12-26 15:33,L140 TP1,25901.25,459,237511845,261630,0.11,261630,0.11,-75735,-0.03,1797450,1797.45
174,Long-Einstieg,2025-12-26 15:31,Long_140,25872.75,459,237511845,261630,0.11,261630,0.11,-75735,-0.03,1797450,1797.45
175,Long-Ausstieg,2025-12-26 15:41,L140 TP2,25929,460,238029300,517500,0.22,517500,0.22,-75900,-0.03,2314950,2314.95
175,Long-Einstieg,2025-12-26 15:31,Long_140,25872.75,460,238029300,517500,0.22,517500,0.22,-75900,-0.03,2314950,2314.95
176,Long-Ausstieg,2025-12-29 00:01,EOD_CLOSE,25873.5,2,1034910,30,0.00,2500,0.24,-1540,-0.15,2314980,2314.98
176,Long-Einstieg,2025-12-26 15:31,Long_140,25872.75,2,1034910,30,0.00,2500,0.24,-1540,-0.15,2314980,2314.98
177,Long-Ausstieg,2026-01-08 15:34,L140 SL,25711,603,310225410,-150750,-0.05,180900,0.06,-150750,-0.05,2164230,2164.23
177,Long-Einstieg,2026-01-08 15:33,Long_140,25723.5,603,310225410,-150750,-0.05,180900,0.06,-150750,-0.05,2164230,2164.23
178,Long-Ausstieg,2026-01-08 15:34,L140 SL,25711,603,310225410,-150750,-0.05,180900,0.06,-150750,-0.05,2013480,2013.48
178,Long-Einstieg,2026-01-08 15:33,Long_140,25723.5,603,310225410,-150750,-0.05,180900,0.06,-150750,-0.05,2013480,2013.48
179,Long-Ausstieg,2026-01-09 06:01,EOD_CLOSE,25684.5,1,514470,-780,-0.15,365,0.07,-3090,-0.60,2012700,2012.70
179,Long-Einstieg,2026-01-08 15:33,Long_140,25723.5,1,514470,-780,-0.15,365,0.07,-3090,-0.60,2012700,2012.70
180,Short-Ausstieg,2026-01-13 15:51,S178 TP1,25953,528,274977120,913440,0.33,913440,0.33,-34320,-0.01,2926140,2926.14
180,Short-Einstieg,2026-01-13 15:41,Short_178,26039.5,528,274977120,913440,0.33,913440,0.33,-34320,-0.01,2926140,2926.14
181,Short-Ausstieg,2026-01-13 16:18,S178 TP2,25879.5,528,274977120,1689600,0.61,1689600,0.61,-34320,-0.01,4615740,4615.74
181,Short-Einstieg,2026-01-13 15:41,Short_178,26039.5,528,274977120,1689600,0.61,1689600,0.61,-34320,-0.01,4615740,4615.74
182,Long-Ausstieg,2026-01-27 15:35,L078 SL,25954.75,1179,612278280,-265275,-0.04,312435,0.05,-265275,-0.04,4350465,4350.47
182,Long-Einstieg,2026-01-27 15:34,Long_078,25966,1179,612278280,-265275,-0.04,312435,0.05,-265275,-0.04,4350465,4350.47
183,Long-Ausstieg,2026-01-27 15:35,L078 SL,25954.75,1179,612278280,-265275,-0.04,312435,0.05,-265275,-0.04,4085190,4085.19
183,Long-Einstieg,2026-01-27 15:34,Long_078,25966,1179,612278280,-265275,-0.04,312435,0.05,-265275,-0.04,4085190,4085.19
184,Long-Ausstieg,2026-01-27 15:36,L140 SL,25941.25,1179,611959950,-265275,-0.04,218115,0.04,-265275,-0.04,3819915,3819.92
184,Long-Einstieg,2026-01-27 15:35,Long_140,25952.5,1179,611959950,-265275,-0.04,218115,0.04,-265275,-0.04,3819915,3819.92
185,Long-Ausstieg,2026-01-27 15:36,L140 SL,25941.25,1179,611959950,-265275,-0.04,218115,0.04,-265275,-0.04,3554640,3554.64
185,Long-Einstieg,2026-01-27 15:35,Long_140,25952.5,1179,611959950,-265275,-0.04,218115,0.04,-265275,-0.04,3554640,3554.64
186,Long-Ausstieg,2026-01-29 15:35,L140 SL,26073.75,913,476334925,-228250,-0.05,333245,0.07,-228250,-0.05,3326390,3326.39
186,Long-Einstieg,2026-01-29 15:34,Long_140,26086.25,913,476334925,-228250,-0.05,333245,0.07,-228250,-0.05,3326390,3326.39
187,Long-Ausstieg,2026-01-29 15:35,L140 SL,26073.75,913,476334925,-228250,-0.05,333245,0.07,-228250,-0.05,3098140,3098.14
187,Long-Einstieg,2026-01-29 15:34,Long_140,26086.25,913,476334925,-228250,-0.05,333245,0.07,-228250,-0.05,3098140,3098.14
188,Long-Ausstieg,2026-01-30 06:01,EOD_CLOSE,25865,1,521725,-4425,-0.85,365,0.07,-11005,-2.11,3093715,3093.71
188,Long-Einstieg,2026-01-29 15:34,Long_140,26086.25,1,521725,-4425,-0.85,365,0.07,-11005,-2.11,3093715,3093.71
189,Long-Ausstieg,2026-02-03 15:31,L078 SL,25888,798,413403900,-231420,-0.06,0,0.00,-231420,-0.06,2862295,2862.30
189,Long-Einstieg,2026-02-03 15:31,Long_078,25902.5,798,413403900,-231420,-0.06,0,0.00,-231420,-0.06,2862295,2862.30
190,Long-Ausstieg,2026-02-03 15:31,L078 SL,25888,798,413403900,-231420,-0.06,0,0.00,-231420,-0.06,2630875,2630.88
190,Long-Einstieg,2026-02-03 15:31,Long_078,25902.5,798,413403900,-231420,-0.06,0,0.00,-231420,-0.06,2630875,2630.88
191,Long-Ausstieg,2026-02-03 15:33,L140 SL,25869.75,1,518050,-655,-0.13,0,0.00,-655,-0.13,2630220,2630.22
191,Long-Einstieg,2026-02-03 15:31,Long_078,25902.5,1,518050,-655,-0.13,0,0.00,-655,-0.13,2630220,2630.22
192,Long-Ausstieg,2026-02-03 15:33,L140 SL,25869.75,797,412543140,-179325,-0.04,342710,0.08,-179325,-0.04,2450895,2450.90
192,Long-Einstieg,2026-02-03 15:32,Long_140,25881,797,412543140,-179325,-0.04,342710,0.08,-179325,-0.04,2450895,2450.90
193,Long-Ausstieg,2026-02-03 15:33,L140 SL,25869.75,798,413060760,-179550,-0.04,343140,0.08,-179550,-0.04,2271345,2271.35
193,Long-Einstieg,2026-02-03 15:32,Long_140,25881,798,413060760,-179550,-0.04,343140,0.08,-179550,-0.04,2271345,2271.35
194,Long-Ausstieg,2026-02-04 06:01,EOD_CLOSE,25434.5,2,1035240,-17860,-1.73,860,0.08,-26480,-2.56,2253485,2253.48
194,Long-Einstieg,2026-02-03 15:32,Long_140,25881,2,1035240,-17860,-1.73,860,0.08,-26480,-2.56,2253485,2253.48
195,Long-Ausstieg,2026-02-06 15:32,L078 TP1,24804.25,588,290495520,1202460,0.41,1202460,0.41,-14700,-0.01,3455945,3455.95
195,Long-Einstieg,2026-02-06 15:32,Long_078,24702,588,290495520,1202460,0.41,1202460,0.41,-14700,-0.01,3455945,3455.95
196,Long-Ausstieg,2026-02-06 15:38,L078 TP2,24898.75,588,290495520,2313780,0.80,2313780,0.80,-14700,-0.01,5769725,5769.73
196,Long-Einstieg,2026-02-06 15:32,Long_078,24702,588,290495520,2313780,0.80,2313780,0.80,-14700,-0.01,5769725,5769.73
197,Long-Ausstieg,2026-02-09 00:01,EOD_CLOSE,25183.5,1,494040,9630,1.95,10400,2.11,-25,-0.01,5779355,5779.36
197,Long-Einstieg,2026-02-06 15:32,Long_078,24702,1,494040,9630,1.95,10400,2.11,-25,-0.01,5779355,5779.36
198,Long-Ausstieg,2026-02-12 15:48,L140 SL,25259.5,1470,742996800,-367500,-0.05,882000,0.12,-367500,-0.05,5411855,5411.86
198,Long-Einstieg,2026-02-12 15:46,Long_140,25272,1470,742996800,-367500,-0.05,882000,0.12,-367500,-0.05,5411855,5411.86
199,Long-Ausstieg,2026-02-12 15:48,L140 SL,25259.5,1470,742996800,-367500,-0.05,882000,0.12,-367500,-0.05,5044355,5044.36
199,Long-Einstieg,2026-02-12 15:46,Long_140,25272,1470,742996800,-367500,-0.05,882000,0.12,-367500,-0.05,5044355,5044.36
200,Long-Ausstieg,2026-02-17 15:31,L078 TP1,24664.5,1286,632879180,1491760,0.24,1491760,0.24,-19290,0.00,6536115,6536.12
200,Long-Einstieg,2026-02-17 15:31,Long_078,24606.5,1286,632879180,1491760,0.24,1491760,0.24,-19290,0.00,6536115,6536.12
201,Long-Ausstieg,2026-02-17 15:34,L078 TP2,24720.75,1286,632879180,2938510,0.46,2938510,0.46,-19290,0.00,9474625,9474.63
201,Long-Einstieg,2026-02-17 15:31,Long_078,24606.5,1286,632879180,2938510,0.46,2938510,0.46,-19290,0.00,9474625,9474.63
202,Long-Ausstieg,2026-02-19 15:44,L140 TP1,24852,2393,1185504165,3912555,0.33,3912555,0.33,-346985,-0.03,13387180,13387.18
202,Long-Einstieg,2026-02-19 15:36,Long_140,24770.25,2393,1185504165,3912555,0.33,3912555,0.33,-346985,-0.03,13387180,13387.18
203,Long-Ausstieg,2026-02-19 16:03,L140 TP2,24937,2393,1185504165,7980655,0.67,7980655,0.67,-346985,-0.03,21367836,21367.84
203,Long-Einstieg,2026-02-19 15:36,Long_140,24770.25,2393,1185504165,7980655,0.67,7980655,0.67,-346985,-0.03,21367836,21367.84
204,Long-Ausstieg,2026-02-20 06:01,EOD_CLOSE,24904.75,1,495405,2690,0.54,3785,0.76,-425,-0.09,21370524,21370.52
204,Long-Einstieg,2026-02-19 15:36,Long_140,24770.25,1,495405,2690,0.54,3785,0.76,-425,-0.09,21370524,21370.52
205,Long-Ausstieg,2026-02-24 15:33,L078 SL,24735.5,5367,2656316145,-1207575,-0.05,268350,0.01,-1207575,-0.05,20162950,20162.95
205,Long-Einstieg,2026-02-24 15:33,Long_078,24746.75,5367,2656316145,-1207575,-0.05,268350,0.01,-1207575,-0.05,20162950,20162.95
206,Long-Ausstieg,2026-02-24 15:33,L078 SL,24735.5,5367,2656316145,-1207575,-0.05,268350,0.01,-1207575,-0.05,18955376,18955.38
206,Long-Einstieg,2026-02-24 15:33,Long_078,24746.75,5367,2656316145,-1207575,-0.05,268350,0.01,-1207575,-0.05,18955376,18955.38
207,Long-Ausstieg,2026-02-24 15:40,L140 TP1,24831,1,494935,1685,0.34,1685,0.34,-1045,-0.21,18957060,18957.06
207,Long-Einstieg,2026-02-24 15:33,Long_078,24746.75,1,494935,1685,0.34,1685,0.34,-1045,-0.21,18957060,18957.06
208,Long-Ausstieg,2026-02-24 15:40,L140 TP1,24831,5366,2651340600,13522320,0.51,13522320,0.51,-1126860,-0.04,32479380,32479.38
208,Long-Einstieg,2026-02-24 15:36,Long_140,24705,5366,2651340600,13522320,0.51,13522320,0.51,-1126860,-0.04,32479380,32479.38
209,Long-Ausstieg,2026-02-24 15:48,L140 TP2,24963.25,5367,2651834700,27720556,1.05,27720556,1.05,-1127070,-0.04,60199936,60199.94
209,Long-Einstieg,2026-02-24 15:36,Long_140,24705,5367,2651834700,27720556,1.05,27720556,1.05,-1127070,-0.04,60199936,60199.94
210,Long-Ausstieg,2026-02-25 06:01,EOD_CLOSE,25053.5,2,988200,13940,1.41,16380,1.66,-420,-0.04,60213876,60213.88
210,Long-Einstieg,2026-02-24 15:36,Long_140,24705,2,988200,13940,1.41,16380,1.66,-420,-0.04,60213876,60213.88
211,Short-Ausstieg,2026-02-27 15:43,S178 TP1,24801,15078,7511407260,32417700,0.43,32417700,0.43,-150780,0.00,92631576,92631.58
211,Short-Einstieg,2026-02-27 15:39,Short_178,24908.5,15078,7511407260,32417700,0.43,32417700,0.43,-150780,0.00,92631576,92631.58
212,Short-Ausstieg,2026-02-27 15:46,S178 SL,24910.5,15078,7511407260,-603120,-0.01,38147340,0.51,-603120,-0.01,92028456,92028.46
212,Short-Einstieg,2026-02-27 15:39,Short_178,24908.5,15078,7511407260,-603120,-0.01,38147340,0.51,-603120,-0.01,92028456,92028.46
213,Short-Ausstieg,2026-03-02 00:01,EOD_CLOSE,24707.75,1,498170,4015,0.81,5460,1.10,-2565,-0.51,92032470,92032.47
213,Short-Einstieg,2026-02-27 15:39,Short_178,24908.5,1,498170,4015,0.81,5460,1.10,-2565,-0.51,92032470,92032.47